"b.const","b.day","b.temp","b.precip","emerge","Wi","Ws","Wp","Wnum","gen"
"1",4.20869230525568,1.2784808720462,4.82261369237676,1.05528228310868,8,4.53819168022994,0.999975558867986,0.0303950342303958,1,1
"2",4.23610778176226,0.177453864365816,1.95020384620875,0.400505587924272,152,0.446828161165663,0,1e-05,0,1
"3",2.44370407192037,0.191520949359983,4.95932287536561,0.699840331450105,14,4.47650097378033,0.984897651864253,0.0299368803121643,2,1
"4",4.77739265537821,0.417942013125867,3.69249164359644,1.27236919943243,14,4.47650097378033,0.984897651864253,0.0299368803121643,0,1
"5",0.422144315671176,1.01059652585536,6.66686602169648,1.8587136361748,1,3.90511918290441,0.845245474052194,0.0256934403945203,0,1
"6",1.25228518969379,1.42565161734819,2.47770260088146,1.17092928523198,33,4.42412114663135,0.972095429162056,0.0295478748293985,1,1
"7",3.33840031991713,0.00633254833519459,3.31987168407068,0.70943074580282,144,0.670328245336502,0.0546259506236424,0.00166985194822788,0,1
"8",3.59498023055494,0.721717356704175,4.0090364171192,1.40679981885478,8,4.53819168022994,0.999975558867986,0.0303950342303958,0,1
"9",4.14594359463081,1.15358394104987,1.00550336996093,1.60549854999408,33,4.42412114663135,0.972095429162056,0.0295478748293985,2,1
"10",0.669716763077304,1.34152432950214,5.26454098522663,1.25361408712342,8,4.53819168022994,0.999975558867986,0.0303950342303958,5,1
"11",2.594265548978,0.767934717703611,3.00107959192246,0.976633867714554,42,4.13553939770912,0.901562782939605,0.0274046855775975,0,1
"12",0.485936783952639,0.504678226541728,6.75502894213423,1.30752640962601,1,3.90511918290441,0.845245474052194,0.0256934403945203,0,1
"13",3.08204845176078,1.0516545670107,6.26787314889953,1.26111505459994,1,3.90511918290441,0.845245474052194,0.0256934403945203,0,1
"14",2.07952102064155,1.79398765927181,3.97742776200175,1.25012957584113,8,4.53819168022994,0.999975558867986,0.0303950342303958,0,1
"15",2.6753806124907,0.797478678636253,7.2096525807865,1.96209099562839,1,3.90511918290441,0.845245474052194,0.0256934403945203,0,1
"16",0.217233583098277,1.11657577008009,4.96319961501285,1.22406131401658,8,4.53819168022994,0.999975558867986,0.0303950342303958,1,1
"17",0.888822447741404,0.506495681591332,9.08453754149377,1.40959881991148,1,3.90511918290441,0.845245474052194,0.0256934403945203,1,1
"18",2.58015000959858,0.215428171679378,0.280597659293562,1.67581583606079,338,3.69772145422887,0.794555121392524,0.024153174647967,0,1
"19",0.915911480551586,0.473900942131877,9.37885673018172,0.540810973849148,1,3.90511918290441,0.845245474052194,0.0256934403945203,2,1
"20",1.0525291855447,1.79124546516687,4.17740075150505,1.59738368727267,8,4.53819168022994,0.999975558867986,0.0303950342303958,2,1
"21",4.30078660370782,1.61448257230222,3.15543809439987,0.452350160107017,28,3.32958660451872,0.704578796785251,0.021419174122782,2,1
"22",4.98506233794615,0.929678068961948,8.8075611856766,1.44119543163106,1,3.90511918290441,0.845245474052194,0.0256934403945203,2,1
"23",1.69713586103171,0.812201343942434,6.5380272269249,1.54672603774816,1,3.90511918290441,0.845245474052194,0.0256934403945203,1,1
"24",3.89499856159091,1.15653977682814,9.64733530767262,1.25539103429765,1,3.90511918290441,0.845245474052194,0.0256934403945203,1,1
"25",2.46805690927431,0.830733569804579,5.36516123218462,0.164017843082547,9,3.81611184242252,0.823491072462846,0.0250324160013817,1,1
"26",0.570097109302878,1.25848798220977,1.39844327466562,0.0633749971166253,58,2.22692215558899,0.43507512315066,0.0132300956238289,0,1
"27",2.56694292766042,1.44594714790583,9.31875646114349,1.26749144820496,1,3.90511918290441,0.845245474052194,0.0256934403945203,1,1
"28",0.723181175999343,0.461075320839882,8.20650113979355,1.3082316480577,1,3.90511918290441,0.845245474052194,0.0256934403945203,1,1
"29",4.82976572355255,1.84074486512691,2.81912200618535,1.86393685592338,8,4.53819168022994,0.999975558867986,0.0303950342303958,2,1
"30",3.38654393912293,0.908534756395966,2.35890278127044,1.77586029982194,14,4.47650097378033,0.984897651864253,0.0299368803121643,2,1
"31",2.53490878618322,1.52567595988512,5.84640227956697,1.91621073381975,1,3.90511918290441,0.845245474052194,0.0256934403945203,0,1
"32",4.07822514069267,1.17906201025471,7.83755806507543,1.24515607068315,1,3.90511918290441,0.845245474052194,0.0256934403945203,1,1
"33",3.13656893093139,0.276418464258313,5.7030335906893,1.68898202991113,1,3.90511918290441,0.845245474052194,0.0256934403945203,1,1
"34",3.29913091147318,0.348641824908555,5.6843882589601,1.12299074186012,8,4.53819168022994,0.999975558867986,0.0303950342303958,3,1
"35",3.46538443933241,0.261988918762654,2.20389348454773,0.785006538499147,144,0.670328245336502,0.0546259506236424,0.00166985194822788,0,1
"36",4.32200043462217,0.263928335625678,0.665206050034612,1.93943592859432,42,4.13553939770912,0.901562782939605,0.0274046855775975,1,1
"37",2.8827442554757,0.146543729584664,7.78387958416715,1.68428878998384,1,3.90511918290441,0.845245474052194,0.0256934403945203,0,1
"38",3.71667537488975,1.6004253369756,2.15463357744738,0.862693937961012,33,4.42412114663135,0.972095429162056,0.0295478748293985,1,1
"39",2.72744225338101,0.22577170515433,6.08112075831741,1.84619855787605,1,3.90511918290441,0.845245474052194,0.0256934403945203,2,1
"40",1.3472579291556,1.63195017213002,5.80753138521686,1.85486687254161,1,3.90511918290441,0.845245474052194,0.0256934403945203,1,1
"41",4.23919108076672,1.2784808720462,4.82261369237676,1.32478222734835,8,4.53819168022994,0.999975558867986,0.0354186523270771,3,2
"42",1.75614120052647,0.00760828455783422,1.96639849890699,1.32390994470436,365,0.45655593655415,0.00237757842472753,9.41889054936902e-05,0,2
"43",5.02175353328601,-1.10899162487327,2.27554519708127,-0.883202190374949,365,0.45655593655415,0.00237757842472753,9.41889054936902e-05,0,2
"44",1.31313790476826,2.13697953083772,4.82878261896395,-0.680434249843785,9,3.81611184242252,0.823491072462846,0.0291694217685657,2,2
"45",6.13162809883021,1.20015569177865,1.78385101093387,2.2861187512793,8,4.53819168022994,0.999975558867986,0.0354186523270771,1,2
"46",2.40002895321544,1.18458435082849,2.54145430123012,1.51345695599878,14,4.47650097378033,0.984897651864253,0.034884750911007,0,2
"47",1.61142606800182,3.18369709136855,3.94404630238442,0.827174482197914,8,4.53819168022994,0.999975558867986,0.0354186523270771,0,2
"48",2.83332000408781,3.26483320717077,5.32898943369701,0.828331131400403,4,3.63425675092017,0.779043629474538,0.0275955592459834,2,2
"49",-0.785404996014757,-0.639180838989801,4.48995294787999,0.779800525148839,365,0.45655593655415,0.00237757842472753,9.41889054936902e-05,0,2
"50",-0.795206851215454,-2.55121044663833,6.99427038593781,0.626129975251315,3,3.46784157131649,0.738369875736235,0.0261553212399795,1,2
"51",4.06344759892866,0.609507694701574,4.05573376301757,-1.54557852447968,44,2.63373992797736,0.5345059919566,0.0189365994234458,0,2
"52",-3.61307477932733,-0.0793333363800495,5.57486064256385,0.517642757917846,14,4.47650097378033,0.984897651864253,0.034884750911007,1,2
"53",0.932438620811516,0.207540814208123,-2.76507935103914,0.957789017513097,365,0.45655593655415,0.00237757842472753,9.41889054936902e-05,0,2
"54",-2.79098409985599,-1.88847069681864,9.00927823203936,-1.13399067876931,2,3.53737770063251,0.755365292899802,0.0267571207661395,2,2
"55",-0.439932646675796,0.628007374303135,12.8242586339931,-0.17140053754786,1,3.90511918290441,0.845245474052194,0.0299397346383451,3,2
"56",-1.18070078900342,2.48574076466868,3.96512935450368,1.30850133278771,8,4.53819168022994,0.999975558867986,0.0354186523270771,3,2
"57",1.58021876531568,1.479718449026,5.49951233790474,2.12393885716966,1,3.90511918290441,0.845245474052194,0.0299397346383451,0,2
"58",6.44117529258707,-1.36276626986574,-0.214334974240485,-1.14424103372418,365,0.45655593655415,0.00237757842472753,9.41889054936902e-05,0,2
"59",2.98151819234176,-1.00666621103483,-1.41215940085351,-1.70871608091427,365,0.45655593655415,0.00237757842472753,9.41889054936902e-05,0,2
"60",7.05848668643861,4.02727313121936,7.20126357084403,1.51995325916795,1,3.90511918290441,0.845245474052194,0.0299397346383451,1,2
"61",4.04306359460843,1.3971609725028,16.0096301123643,1.81315541437305,1,3.90511918290441,0.845245474052194,0.0299397346383451,1,2
"62",-3.00905128978003,4.71679518139315,12.2606352181579,0.576384638864929,1,3.90511918290441,0.845245474052194,0.0299397346383451,1,2
"63",7.96593785074929,2.17404406379154,8.97016238574872,1.0525864058942,1,3.90511918290441,0.845245474052194,0.0299397346383451,1,2
"64",2.2569308514522,0.525949018418747,3.85912161279378,-0.0035964375172779,56,2.24089944425577,0.438491330725689,0.0155367665698548,0,2
"65",1.26595670750567,1.88039031025652,12.9873723942004,3.19494846055404,1,3.90511918290441,0.845245474052194,0.0299397346383451,1,2
"66",2.49912698599323,-3.28772931249596,7.20715293852148,0.562713390514767,3,3.46784157131649,0.738369875736235,0.0261553212399795,1,2
"67",0.189389376086305,4.61067074848323,1.23487725817862,2.27406591792207,8,4.53819168022994,0.999975558867986,0.0354186523270771,1,2
"68",3.91898761145209,1.8698869985216,3.98621351690476,-1.05563801224025,18,3.5329814794017,0.754290806665153,0.0267190737267139,2,2
"69",2.63965756689839,0.10421485049135,2.32505771560118,1.49771920979306,152,0.446828161165663,0,1e-05,0,2
"70",2.02783493026093,3.50772380187519,3.14752847325874,1.45976841410532,8,4.53819168022994,0.999975558867986,0.0354186523270771,1,2
"71",5.22068615629255,0.398169928161619,6.2020233640732,0.796277199617491,3,3.46784157131649,0.738369875736235,0.0261553212399795,1,2
"72",1.12192300697557,-0.535616772227831,7.90769927204043,0.989787205976879,1,3.90511918290441,0.845245474052194,0.0299397346383451,1,2
"73",4.57377067755744,-1.23724310081912,6.35538756933516,1.3575601809531,1,3.90511918290441,0.845245474052194,0.0299397346383451,0,2
"74",1.69038929478202,2.18716769643321,0.538889034227005,-0.908080583706622,44,2.63373992797736,0.5345059919566,0.0189365994234458,0,2
"75",2.12475402147843,0.225724179298381,8.53037999562892,0.240519612772825,1,3.90511918290441,0.845245474052194,0.0299397346383451,1,2
"76",9.45539118019161,-0.671379893485177,2.29216994248698,2.75933140804825,8,4.53819168022994,0.999975558867986,0.0354186523270771,3,2
"77",6.09729332697272,0.359258778101632,4.61786536210321,0.840598767540874,14,4.47650097378033,0.984897651864253,0.034884750911007,0,2
"78",5.12249269323025,-0.600031587713819,3.82606242688705,2.27029250843288,8,4.53819168022994,0.999975558867986,0.0354186523270771,3,2
"79",0.72059032813148,3.64811526556779,2.85180532149672,0.370033827092453,14,4.47650097378033,0.984897651864253,0.034884750911007,0,2
"80",1.84391320132609,2.94955047802834,1.81787401425093,3.52180272710346,8,4.53819168022994,0.999975558867986,0.0354186523270771,3,2
"81",4.84364906589833,1.2784808720462,4.82261369237676,1.32478222734835,16,2.93064446684794,0.73450707171315,0.0343743297958572,0,3
"82",6.19552105603916,2.32554996529891,6.37193913069498,2.18072418364044,7,2.85764494007078,0.714455432228261,0.0334362024738163,4,3
"83",5.32604099483938,-0.809939284226757,-1.28727060717598,2.25182888021774,365,0.256615308786063,0,1e-05,0,3
"84",6.32236342141888,2.70246100493538,7.31643814360134,1.89354778237191,5,2.57753402338736,0.637514068837467,0.029836457163894,1,3
"85",3.85674875782385,1.18335803621504,2.97039642885642,-1.71249281952503,34,2.49156400538498,0.613899671818765,0.028731644210646,0,3
"86",6.4563110841257,3.65572816742382,-4.8179685033774,4.15034043944992,52,2.4001608800248,0.588792899235029,0.027557009620451,1,3
"87",-1.0106033432023,2.57547770094095,9.09919505985658,2.65608318448331,4,2.55944905824847,0.632546458538172,0.0296040446995401,0,3
"88",-1.68709369609408,2.4951022799878,6.69658168552114,1.35434365301381,9,2.86395816097668,0.716189558943633,0.0335173345753982,0,3
"89",-1.04214024895635,-1.15462591925466,12.8998027718616,3.13718985654755,2,2.46341043638396,0.606166399553251,0.0283698386831465,0,3
"90",-2.55743538895464,-0.0551389878188995,-0.0996004771907755,-0.123432385207755,365,0.256615308786063,0,1e-05,0,3
"91",-6.19388407652404,-2.39612027028363,10.9637942329673,-1.11153405443365,4,2.55944905824847,0.632546458538172,0.0296040446995401,0,3
"92",-4.60139495942096,-1.59996758942186,5.10556841112111,-2.34778793908759,365,0.256615308786063,0,1e-05,0,3
"93",-1.98931300027403,1.21735900740613,13.1248771359915,2.0747985769385,2,2.46341043638396,0.606166399553251,0.0283698386831465,2,3
"94",-0.152630984838386,-1.96376215663105,13.2401362163046,1.22777308547152,2,2.46341043638396,0.606166399553251,0.0283698386831465,1,3
"95",-0.439731976859907,-0.35328573877061,15.2465499643917,-1.20015495599801,2,2.46341043638396,0.606166399553251,0.0283698386831465,0,3
"96",-2.94612563836124,2.85212587900551,5.90140077265355,1.22725147820269,10,2.91347312958623,0.729790418339543,0.0341536584935573,1,3
"97",-2.76407194158263,5.02290401847102,-0.92802992487436,1.21429673549608,23,2.79900074225391,0.69834693996236,0.0326825575300742,2,3
"98",-4.76383630088932,1.42919908166804,-4.42822873540182,-0.253111757700813,140,2.3793749851938,0.583083392777621,0.0272898871237045,3,3
"99",9.38705633645298,2.88767341368409,8.78418124030069,-0.302770038615905,4,2.55944905824847,0.632546458538172,0.0296040446995401,1,3
"100",2.65215450988771,2.49991722245591,16.9894824262605,-0.999988515113809,2,2.46341043638396,0.606166399553251,0.0283698386831465,1,3
"101",-3.92414619263509,2.58519061574957,10.0168989386391,1.84295500910707,4,2.55944905824847,0.632546458538172,0.0296040446995401,1,3
"102",6.93600911769998,2.60056127975077,12.8470957848319,-0.575177821912381,2,2.46341043638396,0.606166399553251,0.0283698386831465,0,3
"103",5.03516478245437,-0.533737992530114,15.9820248908714,4.07709311153593,1,2.41530883820422,0.59295376725371,0.0277516781898052,2,3
"104",6.85860119296613,-2.39568947269072,6.25363848037985,2.6628737464186,365,0.256615308786063,0,1e-05,0,3
"105",0.173826478211276,6.34306001248128,-1.14754759899279,4.5670021382106,16,2.93064446684794,0.73450707171315,0.0343743297958572,1,3
"106",4.58291091774106,0.674333265012908,5.67338458940501,-0.80279879177266,12,2.83474659154512,0.708165673243419,0.0331419325335863,0,3
"107",4.88219035963075,1.64897081597806,-2.30581157316611,-0.180312907548287,84,2.16273247945593,0.523575645070988,0.024505783407957,1,3
"108",1.97052905130559,4.63647275802782,4.91150245073094,-0.18811136861525,9,2.86395816097668,0.716189558943633,0.0335173345753982,3,3
"109",6.82828438440566,1.23699825782374,8.79197545465595,-1.20583632572512,4,2.55944905824847,0.632546458538172,0.0296040446995401,1,3
"110",2.50699845834784,0.205207627533068,9.03591286426774,1.96466307897953,5,2.57753402338736,0.637514068837467,0.029836457163894,0,3
"111",1.93993627892166,2.76557509928156,11.4496524138658,1.19199369394909,2,2.46341043638396,0.606166399553251,0.0283698386831465,1,3
"112",7.52062624110478,-1.36910261737966,4.12385938602185,3.49779176078398,365,0.256615308786063,0,1e-05,0,3
"113",9.39053971862141,-1.29744268700366,0.538964550655037,4.98482455252288,365,0.256615308786063,0,1e-05,0,3
"114",11.4432707948561,-0.0367771408648965,3.5604839088082,2.59776369748273,65,3.85829194708225,0.989314926831245,0.0462956597667588,3,3
"115",8.22078021629581,0.897488039512659,2.01267170832986,3.7636274776932,26,2.71572631282624,0.675472971994176,0.0316123859697579,2,3
"116",6.79084479659487,-3.3341684185558,2.21098784656877,3.29186296699397,365,0.256615308786063,0,1e-05,0,3
"117",1.93476515967508,-2.1389415335716,4.12922606957315,1.39707487497295,365,0.256615308786063,0,1e-05,0,3
"118",4.90994736592833,1.54746361354374,-0.680809083555407,4.88012291982524,64,3.8970917729786,0.999972531822643,0.0467942818588568,3,3
"119",0.279823544664259,5.73732134871741,-1.15538419185826,4.33766296373917,16,2.93064446684794,0.73450707171315,0.0343743297958572,3,3
"120",2.38175484692362,4.94678950663627,-5.33496644690091,3.38352795603353,37,2.58426618392981,0.639363270635221,0.0299229731184496,2,3
"121",6.19552105603916,2.32554996529891,6.37193913069498,2.18072418364044,1,2.69360091168269,0.689198439246239,0.0255776789214325,2,4
"122",2.54833052103354,3.03005572468513,8.79913171244769,2.87190498586913,1,2.69360091168269,0.689198439246239,0.0255776789214325,2,4
"123",5.02874579420948,3.59794888002901,9.87866046976305,4.56323998444435,1,2.69360091168269,0.689198439246239,0.0255776789214325,0,4
"124",6.44727254726734,0.870193389888922,9.36170206657264,3.55241025580349,1,2.69360091168269,0.689198439246239,0.0255776789214325,1,4
"125",5.70027027686804,5.20434460475771,4.13484617050424,2.16890022759429,1,2.69360091168269,0.689198439246239,0.0255776789214325,1,4
"126",4.34608639084326,4.58852225150764,-8.90983287275041,6.25882159573276,12,3.32700798959388,0.859973868497847,0.0319130550542489,0,4
"127",-0.234530796662881,1.1156003090183,3.45720356827874,1.62693777462585,22,3.84626574014775,0.999973038597893,0.0371067026694405,2,4
"128",-2.06209303903216,1.13332927799248,8.38495829434199,1.51755011699488,1,2.69360091168269,0.689198439246239,0.0255776789214325,0,4
"129",-3.66871694501378,-2.6593310134422,16.8301905916663,-1.39740966193206,1,2.69360091168269,0.689198439246239,0.0255776789214325,0,4
"130",-3.75257467495978,3.11991304209205,-0.124342941870385,-0.748900503191149,34,2.0438349983499,0.514012438596547,0.0190786807213787,1,4
"131",-1.19622265651476,8.55042296379037,0.349667682193082,3.41683029528953,7,2.72938888820099,0.698847379501396,0.0259356324400821,1,4
"132",-4.57373021654307,2.64606598937328,-6.98400886129829,2.05581465384825,51,2.96366876116686,0.76201251810815,0.0282789139842068,1,4
"133",-5.18555695326473,0.671628271363955,-1.62412066449945,-2.03900703740032,231,0.476882782126652,0.0915401507516634,0.00340592931376598,0,4
"134",-4.25391364915937,-0.743507572750248,-3.99671783926747,1.17226151259067,365,0.137359821164074,0,1e-05,0,4
"135",-6.23324235497125,1.73718436063156,-3.23357166422042,-0.469807143877428,89,2.02715163306277,0.509514369396457,0.0189118126866802,1,4
"136",11.5697348645115,0.400259993801517,10.8884418460325,0.128313339473902,1,2.69360091168269,0.689198439246239,0.0255776789214325,0,4
"137",2.58169656410104,0.568569241208096,15.0056568880214,-0.790496029726563,1,2.69360091168269,0.689198439246239,0.0255776789214325,0,4
"138",-7.43969224132755,2.89471092298843,7.41855767443996,2.85432680999991,1,2.69360091168269,0.689198439246239,0.0255776789214325,3,4
"139",2.76389941256435,-1.7702355729687,19.6940576576152,1.99392090177661,1,2.69360091168269,0.689198439246239,0.0255776789214325,1,4
"140",5.84037148661568,-1.59001813171388,15.6528097166535,4.83658280642247,1,2.69360091168269,0.689198439246239,0.0255776789214325,2,4
"141",4.26469864485009,6.71904776352096,-3.36502887390021,3.19248895127379,12,3.32700798959388,0.859973868497847,0.0319130550542489,3,4
"142",4.50696137013744,-0.818038453745791,1.37099639264737,0.274539516988168,365,0.137359821164074,0,1e-05,0,4
"143",-3.20737549158841,6.54537907458205,10.1549796395636,-1.34512946176556,1,2.69360091168269,0.689198439246239,0.0255776789214325,1,4
"144",4.00505952617874,5.24968800753612,5.1277698211085,0.369729898572516,2,2.43694230202038,0.619999679452229,0.0230105638912395,0,4
"145",2.28014387964085,3.86627116001367,7.74815065204647,-2.23965283211557,1,2.69360091168269,0.689198439246239,0.0255776789214325,1,4
"146",5.0256730674915,1.59533043109166,12.2137459775298,-2.59640242248991,1,2.69360091168269,0.689198439246239,0.0255776789214325,0,4
"147",1.13115349813904,3.76324396682215,9.55809788497787,-1.51394567804889,1,2.69360091168269,0.689198439246239,0.0255776789214325,0,4
"148",12.4041020639122,2.62986354067109,4.84951490878188,2.55554081056814,1,2.69360091168269,0.689198439246239,0.0255776789214325,2,4
"149",9.51370676574443,-0.333118810101686,-0.492287771449989,3.75052420393253,24,3.36847717591229,0.871154542571771,0.0323278323789915,2,4
"150",13.0763717227052,-0.493229303817194,-1.32190810483957,2.4803917075177,365,0.137359821164074,0,1e-05,0,4
"151",6.7184335902653,0.373887763748063,-0.287952845002887,3.64851343671112,22,3.84626574014775,0.999973038597893,0.0371067026694405,1,4
"152",5.17479048699105,0.826525692769523,-4.53831189663338,4.40683808213646,24,3.36847717591229,0.871154542571771,0.0323278323789915,1,4
"153",6.5119810782871,2.26030212052813,1.17287596236211,3.23438213122826,12,3.32700798959388,0.859973868497847,0.0319130550542489,4,4
"154",8.40756039213338,3.84396415673611,1.13323064709769,3.11584424384349,12,3.32700798959388,0.859973868497847,0.0319130550542489,0,4
"155",5.95147895590885,1.23524200574085,-4.6111478021367,3.92679423803502,24,3.36847717591229,0.871154542571771,0.0323278323789915,1,4
"156",0.0855013092928728,8.07573563550183,-5.56407534639476,5.67610380739256,12,3.32700798959388,0.859973868497847,0.0319130550542489,2,4
"157",2.5760640867468,5.7340337838156,2.8520104246607,8.30931337007935,1,2.69360091168269,0.689198439246239,0.0255776789214325,0,4
"158",-0.672463296298412,6.31843102803111,-4.81784049969162,5.45816014135576,12,3.32700798959388,0.859973868497847,0.0319130550542489,1,4
"159",4.88676528007808,3.66357509534983,-6.98864625812822,4.33763399898597,12,3.32700798959388,0.859973868497847,0.0319130550542489,3,4
"160",3.9231449510484,5.1779272233762,-7.56154962961265,1.56746053878448,40,2.8116335699376,0.721021698856258,0.0267582487509757,0,4
"161",6.19552105603916,2.32554996529891,6.37193913069498,2.18072418364044,9,2.16537022220791,0.547746108744287,0.0194585198208483,0,5
"162",5.5108968175908,2.80772070996034,7.06334110420629,0.730412894610769,8,2.16393840321962,0.547248083737027,0.0194408367208311,0,5
"163",5.69480843292737,3.02103131960647,11.4780843970057,2.95587236512465,8,2.16393840321962,0.547248083737027,0.0194408367208311,0,5
"164",2.20618627532592,3.14591875946578,5.88843852017779,2.53035803722221,9,2.16537022220791,0.547746108744287,0.0194585198208483,0,5
"165",8.64931913341364,0.962539168547507,8.61962496867703,4.16885745473249,8,2.16393840321962,0.547248083737027,0.0194408367208311,0,5
"166",6.21398676311771,4.42017215317661,4.73043245840084,3.68582018462341,9,2.16537022220791,0.547746108744287,0.0194585198208483,1,5
"167",-3.32835824786083,1.78154093926347,1.12450018546484,2.55336404309778,26,3.22092973452264,0.914897989033887,0.032494779699433,1,5
"168",-0.371171262683592,-0.472721904331263,9.90736186735216,0.779786877466986,8,2.16393840321962,0.547248083737027,0.0194408367208311,2,5
"169",-7.47253119761598,3.08973237549828,1.10293231566832,-1.12851849764855,31,3.46549751920493,0.999965217320671,0.0355152149869295,2,5
"170",-3.05923083714774,6.42005701027595,-0.967291166320018,4.72295387884822,19,3.2409304261251,0.921854765457446,0.0327417901336522,1,5
"171",-4.05050131914536,1.59877829823156,-8.59684356543762,2.56817711138719,222,0.590603357436969,0,1e-05,0,5
"172",-10.0628751768149,2.58055872001537,-6.23573403534519,1.27321230483509,82,2.285634931052,0.589577396766846,0.0209438003573061,0,5
"173",-8.31121088829453,4.31109663588982,8.07821919609868,0.3595861223469,8,2.16393840321962,0.547248083737027,0.0194408367208311,0,5
"174",-6.14074310707942,4.89154356852523,10.9386298404365,5.59564310661514,8,2.16393840321962,0.547248083737027,0.0194408367208311,2,5
"175",-7.6075074917828,5.36657610323291,8.94754902915174,2.14714017281251,8,2.16393840321962,0.547248083737027,0.0194408367208311,2,5
"176",5.04259384798277,-2.01729087283396,16.8740575288491,0.488183671506014,1,1.55843168604165,0.336636623988664,0.0119627714566083,0,5
"177",6.44994965878509,-2.16435843166206,15.662590005387,5.42525602045194,5,1.90812215632017,0.458268338907861,0.0162814818603624,0,5
"178",5.75832799757089,-3.27927217051974,12.8060080423459,6.34874765018688,8,2.16393840321962,0.547248083737027,0.0194408367208311,0,5
"179",5.54123914787112,5.3046723684466,-0.159198144518914,4.63652631022617,19,3.2409304261251,0.921854765457446,0.0327417901336522,1,5
"180",1.5683192689582,5.75333608768639,-4.16205447506012,1.97733949811938,26,3.22092973452264,0.914897989033887,0.032494779699433,2,5
"181",3.65012542686033,9.64247519716928,-2.02223727908878,1.69473105656635,14,2.16537022220791,0.547746108744287,0.0194585198208483,1,5
"182",-0.574968325586064,7.44444278065843,11.3237252195328,-1.96320920035507,5,1.90812215632017,0.458268338907861,0.0162814818603624,0,5
"183",4.51863691231923,4.23698094911322,8.89044961784011,-1.13573022747018,8,2.16393840321962,0.547248083737027,0.0194408367208311,3,5
"184",13.0191932375115,1.14325644532233,7.19194813256021,-0.642689202701368,9,2.16537022220791,0.547746108744287,0.0194585198208483,1,5
"185",13.2811358318693,2.50800469879854,7.1618788278195,6.67135573517572,8,2.16393840321962,0.547248083737027,0.0194408367208311,2,5
"186",10.0983546875536,2.41985248616973,-3.32650173108375,2.15939505785702,26,3.22092973452264,0.914897989033887,0.032494779699433,1,5
"187",8.96433388157488,-0.641639799825962,4.55624179311771,3.77066535764133,26,3.22092973452264,0.914897989033887,0.032494779699433,0,5
"188",6.11392765072122,1.96518347289986,3.47073997255785,5.32281713911909,21,3.23851158305405,0.921013427028585,0.0327119171927978,4,5
"189",4.79592194557905,1.43613131507901,-3.53102297973669,3.94669765460402,26,3.22092973452264,0.914897989033887,0.032494779699433,2,5
"190",6.46464973264041,3.74054622408806,-1.13401051068305,3.98085368722539,26,3.22092973452264,0.914897989033887,0.032494779699433,1,5
"191",6.50512213367425,2.11373455099529,1.83876729781654,2.66116507770925,26,3.22092973452264,0.914897989033887,0.032494779699433,0,5
"192",8.19487610669097,3.03102827450147,2.15798747241879,5.98887793205486,20,3.24133510233941,0.921995522687389,0.0327467879231988,0,5
"193",6.05216935997061,4.81314303723359,0.302496937962611,2.08189399839233,19,3.2409304261251,0.921854765457446,0.0327417901336522,2,5
"194",5.36839605778989,1.9731642284328,-5.33122539115065,2.60154634199646,82,2.285634931052,0.589577396766846,0.0209438003573061,0,5
"195",-3.7918846264145,8.02791509776786,-2.42707721690027,6.39713724512872,18,3.24415862162477,0.922977618346193,0.0327816586535997,3,5
"196",0.136895273546013,8.82215020475485,-7.16203017134147,5.24999971787518,25,3.22917528882819,0.917766013746843,0.032596613075492,1,5
"197",-1.69555368712607,6.90102052837524,-2.20111975271322,5.52687336160953,20,3.24133510233941,0.921995522687389,0.0327467879231988,1,5
"198",7.43777198596078,1.58118058623611,-5.03033207919917,4.29224331368565,26,3.22092973452264,0.914897989033887,0.032494779699433,2,5
"199",8.34290325606342,4.85198253014615,-9.93770858001074,4.07155886109985,26,3.22092973452264,0.914897989033887,0.032494779699433,1,5
"200",6.52166398746235,3.80090517214549,-10.9245099497407,5.93901291998127,26,3.22092973452264,0.914897989033887,0.032494779699433,1,5
"201",4.02932472895936,4.42017215317661,4.73043245840084,3.68582018462341,10,1.92242970022716,0.507667994306631,0.0232758418017314,1,6
"202",-3.89624016266219,2.54910489751556,1.31441460554011,3.00595818205446,25,2.4002543393029,0.640349777300427,0.0293564957088612,1,6
"203",2.680198466429,0.469842621698671,14.6506717376624,-1.64205868408754,1,1.75374391572455,0.460827524345085,0.0211291967969927,0,6
"204",-3.58163875190763,0.923634974689705,16.2755746239307,0.636440149750722,1,1.75374391572455,0.460827524345085,0.0211291967969927,2,6
"205",-10.444633210751,1.99332498761075,-6.4618229636391,-1.95315794389722,108,1.47989732385511,0.384786125252957,0.0176443067083904,1,6
"206",-7.03702722830015,5.4423244409389,4.73003761535396,-2.75702671047708,10,1.92242970022716,0.507667994306631,0.0232758418017314,0,6
"207",-1.54216417591065,7.94961826131285,4.76912802268048,2.3569192698421,7,1.89877389684391,0.501099278685119,0.0229748051001773,1,6
"208",-3.56607800441922,6.13424992345626,9.54864290003102,8.21211261834755,1,1.75374391572455,0.460827524345085,0.0211291967969927,0,6
"209",-5.37810583975674,4.77721804082814,5.36320714735073,5.67779227837961,9,1.91950472825645,0.506855791534855,0.023238619480429,2,6
"210",-8.62378718465651,4.48153252164766,8.00649111551507,3.06060506748908,6,1.91435204233383,0.505424999776726,0.0231730479355036,2,6
"211",-6.74619525103486,3.38082314087851,6.83835976196045,3.82348483002574,9,1.91950472825645,0.506855791534855,0.023238619480429,3,6
"212",2.57593354738048,5.80323720010927,-1.94092169321825,4.01265603779411,23,2.3248614349471,0.619414764417128,0.0283970680842671,2,6
"213",1.38351741924824,5.48664138561649,-2.87855519638465,3.60812735232556,24,2.33222651331352,0.621459890703282,0.0284907938758707,0,6
"214",1.35989014432367,5.76684927585326,-4.99761273233764,5.10607541387503,25,2.4002543393029,0.640349777300427,0.0293564957088612,0,6
"215",2.85664655190562,10.265752896649,1.29668510017357,1.41537279304155,9,1.91950472825645,0.506855791534855,0.023238619480429,1,6
"216",2.02966053374684,2.6854413673487,3.7745812713408,1.05154713107411,19,2.29650570457742,0.611540978605626,0.0280362215130324,0,6
"217",2.47446231059564,5.90504825186076,16.2860299556954,-0.680493379000676,1,1.75374391572455,0.460827524345085,0.0211291967969927,2,6
"218",1.38495738707072,2.23984981375342,12.586670397913,0.18903084640745,1,1.75374391572455,0.460827524345085,0.0211291967969927,2,6
"219",13.1064231595603,2.25595033041011,4.81955560244467,-1.50581779608013,12,1.93892705304429,0.51224895980621,0.0234857821954684,1,6
"220",20.3953888492578,3.25830039467808,6.63139771734219,8.01275936142179,1,1.75374391572455,0.460827524345085,0.0211291967969927,1,6
"221",10.2913284404777,6.03391178141463,7.03418801563351,8.34318840308987,1,1.75374391572455,0.460827524345085,0.0211291967969927,2,6
"222",7.03517409268379,2.84985470479177,-2.23150133652183,2.08280740387084,39,2.57493052471696,0.688853654731531,0.0315793727697322,0,6
"223",6.48565804414697,1.03834148584478,2.35828417058159,6.77662959278443,25,2.4002543393029,0.640349777300427,0.0293564957088612,0,6
"224",6.50508204171602,1.82499185446638,-0.83694729975407,5.75841525833878,25,2.4002543393029,0.640349777300427,0.0293564957088612,0,6
"225",4.06164800834146,2.35478412896019,-0.11760630429651,5.7219518931955,25,2.4002543393029,0.640349777300427,0.0293564957088612,2,6
"226",8.30348430045817,3.80781286947099,5.60558931112355,6.80136822325737,9,1.91950472825645,0.506855791534855,0.023238619480429,0,6
"227",2.17404494559114,0.441560564154788,-4.0115770022892,3.96358254181005,90,3.42389142927142,0.924592118796915,0.0423829961476828,3,6
"228",3.04051799415295,3.16953226538853,2.38867918038967,6.11413261949691,19,2.29650570457742,0.611540978605626,0.0280362215130324,1,6
"229",6.80869628937345,4.18260534583568,-3.70507618138828,4.05066452927647,25,2.4002543393029,0.640349777300427,0.0293564957088612,2,6
"230",-0.0904191072433012,7.88293584648307,-2.99753769016026,1.8276880197419,18,2.29166264474792,0.610196163456355,0.0279745901774619,0,6
"231",8.25612724939517,6.02858921092388,-3.50043541400508,3.8009987951432,24,2.33222651331352,0.621459890703282,0.0284907938758707,1,6
"232",-0.626383850975182,6.84418106323753,3.50072835338109,4.99814631554878,9,1.91950472825645,0.506855791534855,0.023238619480429,0,6
"233",-4.5615323475965,9.44997653648127,-8.02064685572035,5.51037754192319,24,2.33222651331352,0.621459890703282,0.0284907938758707,0,6
"234",0.459646111448683,7.36883077975276,-2.06324030363845,6.9601868995389,14,1.92011528968747,0.507025331513898,0.0232463893031787,2,6
"235",1.80472854606986,10.8573395567195,-10.1245907746977,5.67730201853974,24,2.33222651331352,0.621459890703282,0.0284907938758707,1,6
"236",1.09401422585583,7.52693799566313,-2.23677742560192,1.94333852225926,16,2.25430841208826,0.599823684127464,0.0274992313487312,0,6
"237",8.73865925551935,-1.66423965909413,-5.69953872617461,4.16462569214153,365,0.0941736225920216,0,1e-05,0,6
"238",11.879411141765,-1.70571456365648,-2.67038047829296,1.92986885998938,365,0.0941736225920216,0,1e-05,0,6
"239",9.62363387472893,2.81011080491933,-11.9487224658163,4.28278934403042,88,3.69535654398665,0.999972232117781,0.0458375802679899,3,6
"240",5.62757011920325,3.72626453345971,-12.3356236113022,7.57409483447203,25,2.4002543393029,0.640349777300427,0.0293564957088612,1,6
"241",4.02932472895936,4.42017215317661,4.73043245840084,3.68582018462341,15,2.27060011354265,0.309386137942279,0.024324637574411,2,7
"242",-1.8577523963691,2.12274046278187,1.34015350083034,5.22741899755446,28,4.56897768474571,0.999969953421747,0.0785975772084096,1,7
"243",-2.91873596049412,2.18689236146052,19.1415833201525,-2.07885802649922,3,1.39511014873835,0.0463313605707481,0.0036511787809875,0,7
"244",-0.869900580168697,0.615112550933248,16.0518888447493,-0.729555876115088,3,1.39511014873835,0.0463313605707481,0.0036511787809875,0,7
"245",-11.4857573009657,3.04619300014314,-6.44632496977718,-1.74590274520928,77,1.24091168999631,0,1e-05,0,7
"246",-0.383083313352884,6.54645397851504,7.041057419512,2.25208197445738,6,1.32117628255181,0.0241167636115896,0.00190533497067327,1,7
"247",-8.03000259643868,3.40061232788043,3.15983696434155,7.04610604806246,17,2.32047100545072,0.324370634504875,0.0255022682387251,1,7
"248",-7.53536526460864,5.25995007109208,-1.10926538028539,4.69265701301373,17,2.32047100545072,0.324370634504875,0.0255022682387251,2,7
"249",-9.11094590961698,5.40518613704873,8.68135930653758,2.19801661139133,6,1.32117628255181,0.0241167636115896,0.00190533497067327,0,7
"250",-7.32015025671791,3.81760841073205,9.10283158150878,3.08755000509849,6,1.32117628255181,0.0241167636115896,0.00190533497067327,1,7
"251",-8.72940560680991,4.28886281614622,3.28776306024151,3.71850671135191,15,2.27060011354265,0.309386137942279,0.024324637574411,0,7
"252",-5.61160417011597,3.19831188277184,6.21397306798716,0.0493209120997791,15,2.27060011354265,0.309386137942279,0.024324637574411,0,7
"253",-5.81934252547045,3.20274430168822,13.3666253694138,4.68472307039852,3,1.39511014873835,0.0463313605707481,0.0036511787809875,0,7
"254",6.44893663998013,2.76894688358321,1.56937113367087,3.47601180358329,17,2.32047100545072,0.324370634504875,0.0255022682387251,0,7
"255",2.14933408798923,1.27903398827223,-6.07028316659635,4.81991960761366,29,4.41349069747735,0.953251434119026,0.0749259716464606,2,7
"256",4.47975282473135,10.7236571855789,-4.53091843831527,1.97507697670257,10,1.63389949907929,0.118079389580619,0.00928985197318728,0,7
"257",2.12785319607634,6.36868104270133,19.1568512628507,-0.842447540081545,3,1.39511014873835,0.0463313605707481,0.0036511787809875,0,7
"258",4.65260364571306,3.99952204333411,18.1113330683302,-0.434781392931079,3,1.39511014873835,0.0463313605707481,0.0036511787809875,0,7
"259",2.77763341553687,3.05504775574498,9.85843440637524,2.31319205625971,3,1.39511014873835,0.0463313605707481,0.0036511787809875,0,7
"260",1.90518311150367,1.18608845255159,6.98266974474907,1.1656803822163,15,2.27060011354265,0.309386137942279,0.024324637574411,1,7
"261",11.8764019625376,-0.122958802798185,5.15021045609519,-2.14122035839296,56,1.80368745694897,0.169094861205994,0.0132991547541996,0,7
"262",20.0755355629967,3.10094519733412,9.49961676109161,9.2434971212959,3,1.39511014873835,0.0463313605707481,0.0036511787809875,0,7
"263",9.44961821991227,4.82963438232322,7.92384854294078,10.0072911213449,3,1.39511014873835,0.0463313605707481,0.0036511787809875,0,7
"264",11.0931833031434,4.0696378584546,9.17353365038968,7.96918546770752,3,1.39511014873835,0.0463313605707481,0.0036511787809875,0,7
"265",3.69579625891063,2.48554462835268,2.39949066260557,6.94422789145203,17,2.32047100545072,0.324370634504875,0.0255022682387251,1,7
"266",5.31449871909436,2.74217451680071,-0.629064614027874,7.05429154394639,17,2.32047100545072,0.324370634504875,0.0255022682387251,2,7
"267",1.76039525450576,1.06698972344982,-8.60889844344255,1.34568751892408,274,2.07130844980372,0.249505812245383,0.0196186464565112,0,7
"268",6.39738754608328,0.340591294237139,-4.91457779389384,5.56496113390256,29,4.41349069747735,0.953251434119026,0.0749259716464606,3,7
"269",0.717414184096851,-0.446986955030111,-1.81068839481219,3.67542338415581,44,3.21132041005065,0.592040397973809,0.0465384185060319,3,7
"270",2.15761420332573,4.4911815471615,0.351855522481755,7.26633337603761,17,2.32047100545072,0.324370634504875,0.0255022682387251,2,7
"271",6.11121630370782,3.35432006599794,-0.346607757003041,6.66378213987344,17,2.32047100545072,0.324370634504875,0.0255022682387251,0,7
"272",4.61091113541408,4.2883827455075,-5.50884740036466,4.82947482673116,28,4.56897768474571,0.999969953421747,0.0785975772084096,5,7
"273",8.55204949042829,8.22507954339629,-6.59380767755125,3.50512698512501,13,2.0112722264509,0.231466981415569,0.0182009758497729,0,7
"274",2.47620328996792,7.78153525022076,-3.34001658559155,7.18966397114268,14,2.13798544328642,0.269539967268867,0.0211931294690515,3,7
"275",-0.00775290051754501,8.15771941715631,2.31414348465869,7.21558986801351,12,1.87865755619467,0.191620810742157,0.0150694677444133,0,7
"276",3.54599525861707,9.36057268972367,-12.6499815359282,3.02709545709959,14,2.13798544328642,0.269539967268867,0.0211931294690515,1,7
"277",11.7007143502595,2.72400111040462,-11.8344407070669,2.84113853646463,44,3.21132041005065,0.592040397973809,0.0465384185060319,2,7
"278",8.64899482638925,1.91010599990764,-19.877165214826,4.84132107557727,44,3.21132041005065,0.592040397973809,0.0465384185060319,1,7
"279",8.4727355500698,3.01284999426156,-15.9401702500595,4.18974639486468,44,3.21132041005065,0.592040397973809,0.0465384185060319,1,7
"280",7.09166853969161,1.83786208373016,-10.9587461469407,6.93945094110844,29,4.41349069747735,0.953251434119026,0.0749259716464606,5,7
"281",4.02932472895936,4.42017215317661,4.73043245840084,3.68582018462341,6,3.11335462580044,0.784216841506207,0.0282809004543057,1,8
"282",3.56409112348915,2.41467375352257,4.11745881963405,2.74789396438197,10,3.15339221980833,0.795100682197435,0.0286732612918405,1,8
"283",-4.16185995882615,2.21982633988227,0.310254706929616,5.46867814591583,33,3.4014470720759,0.862532044187722,0.0311041518586182,2,8
"284",-1.19828508490829,5.50050817643716,7.42502130676713,3.12823959547838,3,3.05015820727119,0.767037493731391,0.0276615875231031,1,8
"285",-8.71819020731177,3.77049186238908,-2.43809990915822,7.28336187515855,26,3.54077249708566,0.900406341273228,0.0324695146333128,1,8
"286",-3.24742770112599,6.42173784141604,5.47963050896526,4.48309806087103,5,3.04799880263458,0.766450480035009,0.027640425766689,1,8
"287",-9.26201865379319,2.43207493219943,-0.817651418888118,5.39716958160058,33,3.4014470720759,0.862532044187722,0.0311041518586182,2,8
"288",-3.82674637146219,4.09908671984013,6.24924347439948,2.87321605477139,5,3.04799880263458,0.766450480035009,0.027640425766689,1,8
"289",5.94444220347917,2.26664723401851,-2.3864038798388,3.36915146966887,34,3.18241337718217,0.802989808938408,0.0289576631370458,2,8
"290",0.317994506376824,1.16484954017566,-8.57710658715851,1.04220291602818,274,1.12266854369113,0.243067686048672,0.00877255391651909,0,8
"291",2.56201412252487,4.75246579722489,9.31330075830246,0.973983276146701,1,2.91240896976739,0.729591668289584,0.0263116710874124,1,8
"292",7.76923774525512,1.9431598285805,0.128979212152519,8.19049842536299,10,3.15339221980833,0.795100682197435,0.0286732612918405,0,8
"293",6.84419638807191,1.69936793108827,-1.39467402432144,6.8165631224739,33,3.4014470720759,0.862532044187722,0.0311041518586182,4,8
"294",5.82898612802699,4.12774640509113,-1.79174687258722,6.63966710455679,16,2.78047597404215,0.693726933083294,0.025018752719465,0,8
"295",3.18111262453802,-0.979784735107065,-4.73394923691588,5.63430057370028,365,0.22851310660373,0,1e-05,0,8
"296",5.5865392266707,-2.37647538526027,-8.55409354245311,5.54055217855568,365,0.22851310660373,0,1e-05,0,8
"297",6.95530793411102,1.16546314211907,-6.03437862378731,6.94097429323414,34,3.18241337718217,0.802989808938408,0.0289576631370458,1,8
"298",0.579729447092106,0.226770584968414,1.32212992482938,4.98021479926821,34,3.18241337718217,0.802989808938408,0.0289576631370458,0,8
"299",-1.63654384039481,-1.4396208034338,-3.95470259923857,4.98148495020335,365,0.22851310660373,0,1e-05,0,8
"300",2.06907484100213,-0.861108912202838,-6.95742089649854,2.78171161354296,365,0.22851310660373,0,1e-05,0,8
"301",0.449215097835147,5.25462618525081,5.03321077580803,7.29918660972437,6,3.11335462580044,0.784216841506207,0.0282809004543057,0,8
"302",3.04229253548639,3.30883859780164,-0.968384235803037,7.93182174735817,10,3.15339221980833,0.795100682197435,0.0286732612918405,0,8
"303",3.13137634023026,2.69456132268179,-8.7170964970477,6.43056707837275,34,3.18241337718217,0.802989808938408,0.0289576631370458,0,8
"304",2.77504979401379,3.95429587865665,-4.57712726382657,5.79651243044607,33,3.4014470720759,0.862532044187722,0.0311041518586182,1,8
"305",10.7085055142027,4.66255341586265,-8.79083222846291,6.56472743418687,33,3.4014470720759,0.862532044187722,0.0311041518586182,2,8
"306",2.23401867496299,4.79958365515618,-2.53342344097475,3.99814873244411,26,3.54077249708566,0.900406341273228,0.0324695146333128,1,8
"307",1.99469661426075,5.84252965494825,-1.09990020880621,7.4137042173328,10,3.15339221980833,0.795100682197435,0.0286732612918405,1,8
"308",-0.518353244786033,8.37207620293101,-5.25013928168724,5.03621205763319,16,2.78047597404215,0.693726933083294,0.025018752719465,1,8
"309",0.927759127701522,7.69599039044999,-0.765651528796953,5.22291174749283,10,3.15339221980833,0.795100682197435,0.0286732612918405,2,8
"310",-0.897382784239189,8.50437011773906,-6.9727998942591,6.31387562368599,20,2.81847457472977,0.704056492753941,0.0253911318086781,1,8
"311",2.23146606721789,9.68186042671836,-11.9375163402521,3.19324150569121,22,2.71055427664992,0.674719381952042,0.0243335333292774,1,8
"312",16.4781914385984,3.36697427035453,-15.4503602225209,3.10034793548516,69,2.74463406040627,0.683983648359323,0.0246675087548489,2,8
"313",11.5030071034904,2.92273455582122,-15.2283298515127,2.25347198275752,91,3.8775846822158,0.991965543484486,0.0357702102501253,3,8
"314",9.08981732730592,1.97374890907143,-24.0441758985479,6.61859161182079,299,3.08680071879665,0.776998413408307,0.0280206771953914,2,8
"315",7.16983769439507,3.86824636233182,-16.5014694913175,1.2000524310349,69,2.74463406040627,0.683983648359323,0.0246675087548489,0,8
"316",5.49064915524295,2.17928266863869,-5.97078170821414,8.03173968202778,34,3.18241337718217,0.802989808938408,0.0289576631370458,1,8
"317",5.67761105846075,-0.712964459004022,-12.3347648483914,7.5893647887759,365,0.22851310660373,0,1e-05,0,8
"318",1.71164258207057,2.39713477130829,-9.67053989415135,5.19414204960765,90,3.9070404536726,0.999972815947209,0.0360588712310211,2,8
"319",6.50732336878819,0.231259380501696,-10.5117433553938,7.1825303572143,304,3.53636911556303,0.899209323715544,0.03242636232846,2,8
"320",3.34859718477199,2.41787543128459,-11.9217564260786,6.66204255279365,91,3.8775846822158,0.991965543484486,0.0357702102501253,0,8
"321",4.02932472895936,4.42017215317661,4.73043245840084,3.68582018462341,5,1.68834988454288,0.458927006241645,0.0156426349065233,0,9
"322",0.365941464336621,3.74794069708815,3.29560660112285,2.73149822472432,18,2.11825004187294,0.608773315965616,0.0207469164592442,0,9
"323",-1.28594644767323,4.251414387945,-1.89352829017419,4.39852972266669,29,3.11514442534115,0.956251543177737,0.0325832219938826,2,9
"324",-8.42620636154669,2.04055389913315,5.20910982248321,4.21722492235722,21,2.681630522981,0.805145623872779,0.0274360337992851,4,9
"325",1.34984425660872,7.61345279145785,5.42871731636948,4.88351429940215,3,1.78633949691332,0.49308233639129,0.0168060831217718,1,9
"326",-5.8316057434673,4.82847106504119,-0.886772716185754,9.97603638230439,22,2.681630522981,0.805145623872779,0.0274360337992851,0,9
"327",-4.05003879978764,7.79548200656032,4.26484355909582,4.66148027567695,5,1.68834988454288,0.458927006241645,0.0156426349065233,0,9
"328",-6.40804805468921,1.39154864282298,-3.0928511716362,5.50010074228337,29,3.11514442534115,0.956251543177737,0.0325832219938826,3,9
"329",-9.20943594295659,4.98785378920677,-0.544183305728477,3.12399216562088,22,2.681630522981,0.805145623872779,0.0274360337992851,0,9
"330",-3.43302089533477,2.74866378230429,12.4646434027902,4.19572467059189,1,1.92117807089299,0.540081767247009,0.0184070456569662,1,9
"331",7.49546669680707,5.18453550007128,-3.35038624972687,4.46157229959813,22,2.681630522981,0.805145623872779,0.0274360337992851,0,9
"332",6.60291091288509,2.21989439837102,-7.53909199244513,4.10021327296621,83,3.2405561480221,0.999965143927684,0.0340722578354858,2,9
"333",6.24450447482065,3.69044544164125,6.48150260742787,-0.0714057230957663,3,1.78633949691332,0.49308233639129,0.0168060831217718,0,9
"334",5.6213717546064,3.9190260981153,-1.87099944603301,7.56059860694907,22,2.681630522981,0.805145623872779,0.0274360337992851,2,9
"335",10.2245812089371,2.80260981691155,0.735383160888416,8.77616519495481,22,2.681630522981,0.805145623872779,0.0274360337992851,1,9
"336",4.97217266461549,1.3813895173182,-0.341250616922152,7.43343950718764,29,3.11514442534115,0.956251543177737,0.0325832219938826,1,9
"337",7.52884959966149,-1.61605341343573,-2.17664075138176,7.86883861498677,29,3.11514442534115,0.956251543177737,0.0325832219938826,3,9
"338",2.57080878745094,1.39464456925049,-9.93719299584373,6.76870648310046,83,3.2405561480221,0.999965143927684,0.0340722578354858,2,9
"339",4.23584663307598,4.08993071656366,-5.52254348576464,7.52883349547022,29,3.11514442534115,0.956251543177737,0.0325832219938826,2,9
"340",10.6323057529109,6.6128299973468,-10.8002610829429,7.2556033616151,29,3.11514442534115,0.956251543177737,0.0325832219938826,2,9
"341",10.6209296129229,4.69941547088275,-6.41823913437706,5.98101794704018,29,3.11514442534115,0.956251543177737,0.0325832219938826,1,9
"342",3.5315229123935,4.92438698499864,0.886149852379038,4.15415782078196,18,2.11825004187294,0.608773315965616,0.0207469164592442,1,9
"343",6.09851556376486,5.39334327205209,-4.0069703507754,6.71156859000841,22,2.681630522981,0.805145623872779,0.0274360337992851,2,9
"344",0.782720581853927,7.99705630239315,-3.77249512271856,6.94065844777578,17,2.0882332706033,0.598310648465051,0.0203905219586805,1,9
"345",2.50372785419711,10.8542401438369,2.01918198407567,8.84427362734047,7,1.63149683274075,0.439110265391856,0.0149676084414675,0,9
"346",0.710088326744711,6.4012583310165,2.41607235716217,4.46456563900769,14,1.99197085397663,0.564757350912887,0.0192475810477969,1,9
"347",0.22550918109662,9.58878885076554,-1.27875434894093,7.49451293752334,12,1.74622192064985,0.47909892499762,0.0163297599547062,0,9
"348",-0.463209919143279,11.1905115092271,-13.6271156716411,4.8795705997762,22,2.681630522981,0.805145623872779,0.0274360337992851,0,9
"349",17.0584056281398,4.82345214072947,-18.2798206783025,3.84825456865462,72,1.57929892514626,0.420916124973474,0.0143478533372128,0,9
"350",14.8503381852705,5.07096919485767,-16.1630297303079,3.49164735233196,56,2.40374319014541,0.708285014183633,0.0241366277336146,0,9
"351",11.7754474353963,2.48961350766022,-20.3059254309398,1.48312022786351,255,0.539193613663547,0.0583762654443622,0.00199849671622396,0,9
"352",10.6514354929074,2.93080782475201,-13.0628788708622,2.98517974313028,83,3.2405561480221,0.999965143927684,0.0340722578354858,0,9
"353",10.5055491289346,3.36977377448309,-12.9385588993619,5.43258696206682,83,3.2405561480221,0.999965143927684,0.0340722578354858,3,9
"354",8.75890061277015,0.405712123698959,-22.7120540618117,7.13085293044755,319,2.8411549038243,0.860749557420578,0.0293300953400035,2,9
"355",10.5484273153208,2.99243859111138,-24.6100924734628,4.61054960812931,239,0.371715577366878,0,1e-05,0,9
"356",7.33320286005421,0.785983585756151,-9.84764693219779,5.92524352765723,308,2.25841175990992,0.657628185763412,0.0224110816370775,1,9
"357",-3.19449731140272,2.56240354045859,-4.3879051764562,6.73526222373666,29,3.11514442534115,0.956251543177737,0.0325832219938826,0,9
"358",2.38790255907658,3.09628578075186,-10.6708215460771,4.56339612620334,83,3.2405561480221,0.999965143927684,0.0340722578354858,0,9
"359",6.74943462415554,0.0701581862084132,-12.5442269123354,6.35109738160952,319,2.8411549038243,0.860749557420578,0.0293300953400035,2,9
"360",3.71920442102596,0.589892446751043,-7.65504862435369,8.70834080091651,29,3.11514442534115,0.956251543177737,0.0325832219938826,0,9
"361",-1.28594644767323,4.251414387945,-1.89352829017419,4.39852972266669,30,3.19766535171442,0.690897402484388,0.0400051770590024,0,10
"362",1.4227453378706,1.9519589625951,-2.61134264468999,1.95585587411283,68,3.14914258540229,0.67972620776435,0.0393584907215204,3,10
"363",-6.9526961092457,3.67655117076155,1.70176082892548,6.24072882869343,19,2.38610181738823,0.504054504630619,0.0291890779464465,3,10
"364",-12.9997388555733,2.12936502209916,13.0164583029636,4.18344872267867,1,2.09236065094382,0.436427697318502,0.0252742475784972,0,10
"365",-9.97088728068781,2.14116973881106,4.96945476496165,2.66269792052826,19,2.38610181738823,0.504054504630619,0.0291890779464465,1,10
"366",-7.86864822879139,1.35511839214014,3.25100580262349,4.03547305769192,32,3.15965925136169,0.682147416037645,0.0394986514070851,1,10
"367",1.42036406257353,7.46683057459852,5.90370202511678,6.42153247994808,4,1.82507069267419,0.374890641674701,0.0217119452347434,1,10
"368",-6.76578256289503,2.24524030659306,0.234136587831772,2.66353797306623,32,3.15965925136169,0.682147416037645,0.0394986514070851,3,10
"369",-8.25355992388192,-0.0010474525584534,-0.807694771720118,4.777860994783,344,4.54017135596035,0.999976977415821,0.0578974028515045,1,10
"370",-9.32596497600563,1.98424141073744,0.504370639642214,3.34792640540354,32,3.15965925136169,0.682147416037645,0.0394986514070851,1,10
"371",-3.45848774249838,2.47756757852701,13.3950596651604,5.63451639815969,1,2.09236065094382,0.436427697318502,0.0252742475784972,0,10
"372",4.4495359952732,4.35081840292307,-9.93387208371712,4.72777040104185,39,2.41278210766856,0.510196996919527,0.0295446590584829,0,10
"373",4.21771887304828,2.58753769052571,-10.2003527819862,3.03724675156127,96,2.45523727901727,0.519971274481489,0.0301104796279463,0,10
"374",6.2899468312817,4.92752662315057,0.689253723731399,7.44096781233766,15,2.09173307917992,0.436283214080875,0.0252658836265556,0,10
"375",2.43044620705958,4.20393722665744,4.48252885550293,7.01794987014,7,1.46815862833585,0.292720261218519,0.0169552058063811,0,10
"376",9.24863088256876,2.72672811266909,0.103999606345999,8.77122528583622,15,2.09173307917992,0.436283214080875,0.0252658836265556,2,10
"377",7.20139261241914,0.907690661713985,1.33301723506625,7.54346481040932,32,3.15965925136169,0.682147416037645,0.0394986514070851,0,10
"378",7.68103997294361,-3.01244846728099,-2.07444841563333,10.9002798604084,365,0.196710302002813,0,1e-05,0,10
"379",5.79330375915142,-2.2246081069708,-1.01665361228322,9.6253986256389,365,0.196710302002813,0,1e-05,0,10
"380",3.51057675390539,-2.01398532467732,-1.68342763295721,8.05993439983844,365,0.196710302002813,0,1e-05,0,10
"381",3.29767207510838,0.255987746325758,-10.9861964742687,8.03306868249087,344,4.54017135596035,0.999976977415821,0.0578974028515045,4,10
"382",3.15347780591452,1.58997338953751,-11.8212623739663,7.24828224801121,264,1.07932607375177,0.203200959025263,0.0117730465906378,1,10
"383",3.59850020817836,4.54824160738167,-4.48438638227393,7.22586801195012,15,2.09173307917992,0.436283214080875,0.0252658836265556,0,10
"384",2.27474417199854,3.65805772400741,-2.64961587512285,8.88375386521094,15,2.09173307917992,0.436283214080875,0.0252658836265556,0,10
"385",8.51236070689279,5.62862339509454,-12.0844975466524,7.43749080711958,15,2.09173307917992,0.436283214080875,0.0252658836265556,1,10
"386",9.18079509297717,3.43150317290519,-9.75065721081004,6.89477599617238,34,2.78445607207024,0.595765948244164,0.0344981374572663,3,10
"387",11.2244092611094,3.32419212993722,-9.51657949035555,5.42579334426982,68,3.14914258540229,0.67972620776435,0.0393584907215204,4,10
"388",3.14195669108594,4.21221529253891,0.376450248588353,3.46338365519663,19,2.38610181738823,0.504054504630619,0.0291890779464465,2,10
"389",8.98267930840148,3.85527638295086,-6.87900096807554,8.04619960673731,15,2.09173307917992,0.436283214080875,0.0252658836265556,2,10
"390",7.96422052070304,6.84550093614673,-14.1650090610386,3.5006057996387,15,2.09173307917992,0.436283214080875,0.0252658836265556,0,10
"391",0.0715509888044519,8.28277999469008,-9.09362017276018,6.83836248130095,15,2.09173307917992,0.436283214080875,0.0252658836265556,0,10
"392",0.824515069864518,5.23597680786492,4.48970191386354,2.01439255837412,7,1.46815862833585,0.292720261218519,0.0169552058063811,0,10
"393",6.681544428431,2.09705445754606,-17.755451551463,5.9680691294499,267,1.09417636267164,0.206619879292618,0.0119709635620315,1,10
"394",13.7428225227765,3.9005722098255,-17.3570111937381,5.17507876917442,82,2.24779938975594,0.472213711807809,0.027345854709439,2,10
"395",12.3314466699351,3.05345418617082,-11.920344528176,4.61680589172845,82,2.24779938975594,0.472213711807809,0.027345854709439,1,10
"396",9.65349696668835,-1.93217591022096,-24.2887380896076,6.03965651238465,365,0.196710302002813,0,1e-05,0,10
"397",6.90432520083362,-0.408362662347935,-24.959902229347,6.60499004307751,365,0.196710302002813,0,1e-05,0,10
"398",9.38626603279054,3.99392059202605,-10.4823109442872,5.81475377477694,68,3.14914258540229,0.67972620776435,0.0393584907215204,3,10
"399",4.60749360388498,-0.491812443475537,-15.0433055576505,9.32080607978401,365,0.196710302002813,0,1e-05,0,10
"400",7.85971510513363,-2.05557287444854,-14.0000479594903,5.55589444402886,365,0.196710302002813,0,1e-05,0,10
